library,sample,sample_type,sort_bin,concentration,date,number_cells,R1
lib1,SortSeq_bin1,SortSeq,1,,210621,210800,/shared/ngs/illumina/tstarr/210629_D00300_1271_BHM55FBCX3/Unaligned/Project_tstarr/CGGexpr_lib1_bin1-1_S73_R1_001.fastq.gz; /shared/ngs/illumina/tstarr/210629_D00300_1271_BHM55FBCX3/Unaligned/Project_tstarr/CGGexpr_lib1_bin1-2_S74_R1_001.fastq.gz; /shared/ngs/illumina/tstarr/210629_D00300_1271_BHM55FBCX3/Unaligned/Project_tstarr/CGGexpr_lib1_bin1-3_S75_R1_001.fastq.gz
lib1,SortSeq_bin2,SortSeq,2,,210621,1984000,/shared/ngs/illumina/tstarr/210629_D00300_1271_BHM55FBCX3/Unaligned/Project_tstarr/CGGexpr_lib1_bin2-1_S76_R1_001.fastq.gz; /shared/ngs/illumina/tstarr/210629_D00300_1271_BHM55FBCX3/Unaligned/Project_tstarr/CGGexpr_lib1_bin2-2_S77_R1_001.fastq.gz; /shared/ngs/illumina/tstarr/210629_D00300_1271_BHM55FBCX3/Unaligned/Project_tstarr/CGGexpr_lib1_bin2-3_S78_R1_001.fastq.gz
lib1,SortSeq_bin3,SortSeq,3,,210621,2940000,/shared/ngs/illumina/tstarr/210629_D00300_1271_BHM55FBCX3/Unaligned/Project_tstarr/CGGexpr_lib1_bin3-1_S79_R1_001.fastq.gz; /shared/ngs/illumina/tstarr/210629_D00300_1271_BHM55FBCX3/Unaligned/Project_tstarr/CGGexpr_lib1_bin3-2_S80_R1_001.fastq.gz; /shared/ngs/illumina/tstarr/210629_D00300_1271_BHM55FBCX3/Unaligned/Project_tstarr/CGGexpr_lib1_bin3_S81_R1_001.fastq.gz
lib1,SortSeq_bin4,SortSeq,4,,210621,3575000,/shared/ngs/illumina/tstarr/210629_D00300_1271_BHM55FBCX3/Unaligned/Project_tstarr/CGGexpr_lib1_bin4-1_S82_R1_001.fastq.gz; /shared/ngs/illumina/tstarr/210629_D00300_1271_BHM55FBCX3/Unaligned/Project_tstarr/CGGexpr_lib1_bin4-2_S83_R1_001.fastq.gz; /shared/ngs/illumina/tstarr/210629_D00300_1271_BHM55FBCX3/Unaligned/Project_tstarr/CGGexpr_lib1_bin4-3_S84_R1_001.fastq.gz
lib2,SortSeq_bin1,SortSeq,1,,210621,275500,/shared/ngs/illumina/tstarr/210629_D00300_1271_BHM55FBCX3/Unaligned/Project_tstarr/CGGexpr_lib2_bin1-1_S85_R1_001.fastq.gz; /shared/ngs/illumina/tstarr/210629_D00300_1271_BHM55FBCX3/Unaligned/Project_tstarr/CGGexpr_lib2_bin1-2_S86_R1_001.fastq.gz; /shared/ngs/illumina/tstarr/210629_D00300_1271_BHM55FBCX3/Unaligned/Project_tstarr/CGGexpr_lib2_bin1-3_S87_R1_001.fastq.gz
lib2,SortSeq_bin2,SortSeq,2,,210621,2146000,/shared/ngs/illumina/tstarr/210629_D00300_1271_BHM55FBCX3/Unaligned/Project_tstarr/CGGexpr_lib2_bin2-1_S88_R1_001.fastq.gz; /shared/ngs/illumina/tstarr/210629_D00300_1271_BHM55FBCX3/Unaligned/Project_tstarr/CGGexpr_lib2_bin2-2_S89_R1_001.fastq.gz; /shared/ngs/illumina/tstarr/210629_D00300_1271_BHM55FBCX3/Unaligned/Project_tstarr/CGGexpr_lib2_bin2-3_S90_R1_001.fastq.gz
lib2,SortSeq_bin3,SortSeq,3,,210621,2128000,/shared/ngs/illumina/tstarr/210629_D00300_1271_BHM55FBCX3/Unaligned/Project_tstarr/CGGexpr_lib2_bin3-1_S91_R1_001.fastq.gz; /shared/ngs/illumina/tstarr/210629_D00300_1271_BHM55FBCX3/Unaligned/Project_tstarr/CGGexpr_lib2_bin3-2_S92_R1_001.fastq.gz; /shared/ngs/illumina/tstarr/210629_D00300_1271_BHM55FBCX3/Unaligned/Project_tstarr/CGGexpr_lib2_bin3-3_S93_R1_001.fastq.gz
lib2,SortSeq_bin4,SortSeq,4,,210621,3850000,/shared/ngs/illumina/tstarr/210629_D00300_1271_BHM55FBCX3/Unaligned/Project_tstarr/CGGexpr_lib2_bin4-1_S94_R1_001.fastq.gz; /shared/ngs/illumina/tstarr/210629_D00300_1271_BHM55FBCX3/Unaligned/Project_tstarr/CGGexpr_lib2_bin4-2_S95_R1_001.fastq.gz; /shared/ngs/illumina/tstarr/210629_D00300_1271_BHM55FBCX3/Unaligned/Project_tstarr/CGGexpr_lib2_bin4-3_S96_R1_001.fastq.gz
lib1,PSR_01_bin1,PSR,1,1,210623,166552,/shared/ngs/illumina/tstarr/210728_D00300_1288_AHMGMTBCX3/Unaligned/Project_tstarr/PSR_lib1_s1_b1_S1_R1_001.fastq.gz; /shared/ngs/illumina/tstarr/210701_D00300_1272_BHM532BCX3/Unaligned/Project_tstarr/PSR_lib1_s1_b1_S1_R1_001.fastq.gz
lib1,PSR_01_bin2,PSR,2,1,210623,1321552,/shared/ngs/illumina/tstarr/210728_D00300_1288_AHMGMTBCX3/Unaligned/Project_tstarr/PSR_lib1_s1_b2_S2_R1_001.fastq.gz; /shared/ngs/illumina/tstarr/210701_D00300_1272_BHM532BCX3/Unaligned/Project_tstarr/PSR_lib1_s1_b2_S2_R1_001.fastq.gz
lib1,PSR_01_bin3,PSR,3,1,210623,2584631,/shared/ngs/illumina/tstarr/210728_D00300_1288_AHMGMTBCX3/Unaligned/Project_tstarr/PSR_lib1_s1_b3_S3_R1_001.fastq.gz; /shared/ngs/illumina/tstarr/210701_D00300_1272_BHM532BCX3/Unaligned/Project_tstarr/PSR_lib1_s1_b3_S3_R1_001.fastq.gz
lib1,PSR_01_bin4,PSR,4,1,210623,1056008,/shared/ngs/illumina/tstarr/210728_D00300_1288_AHMGMTBCX3/Unaligned/Project_tstarr/PSR_lib1_s1_b4_S4_R1_001.fastq.gz; /shared/ngs/illumina/tstarr/210701_D00300_1272_BHM532BCX3/Unaligned/Project_tstarr/PSR_lib1_s1_b4_S4_R1_001.fastq.gz
lib1,PSR_02_bin1,PSR,1,2,210623,226835,/shared/ngs/illumina/tstarr/210728_D00300_1288_AHMGMTBCX3/Unaligned/Project_tstarr/PSR_lib1_s2_b1_S5_R1_001.fastq.gz; /shared/ngs/illumina/tstarr/210701_D00300_1272_BHM532BCX3/Unaligned/Project_tstarr/PSR_lib1_s2_b1_S5_R1_001.fastq.gz
lib1,PSR_02_bin2,PSR,2,2,210623,2109671,/shared/ngs/illumina/tstarr/210728_D00300_1288_AHMGMTBCX3/Unaligned/Project_tstarr/PSR_lib1_s2_b2_S6_R1_001.fastq.gz; /shared/ngs/illumina/tstarr/210701_D00300_1272_BHM532BCX3/Unaligned/Project_tstarr/PSR_lib1_s2_b2_S6_R1_001.fastq.gz
lib1,PSR_02_bin3,PSR,3,2,210623,2116370,/shared/ngs/illumina/tstarr/210728_D00300_1288_AHMGMTBCX3/Unaligned/Project_tstarr/PSR_lib1_s2_b3_S7_R1_001.fastq.gz; /shared/ngs/illumina/tstarr/210701_D00300_1272_BHM532BCX3/Unaligned/Project_tstarr/PSR_lib1_s2_b3_S7_R1_001.fastq.gz
lib1,PSR_02_bin4,PSR,4,2,210623,652024,/shared/ngs/illumina/tstarr/210728_D00300_1288_AHMGMTBCX3/Unaligned/Project_tstarr/PSR_lib1_s2_b4_S8_R1_001.fastq.gz; /shared/ngs/illumina/tstarr/210701_D00300_1272_BHM532BCX3/Unaligned/Project_tstarr/PSR_lib1_s2_b4_S8_R1_001.fastq.gz
lib1,PSR_03_bin1,PSR,1,3,210623,638294,/shared/ngs/illumina/tstarr/210728_D00300_1288_AHMGMTBCX3/Unaligned/Project_tstarr/PSR_lib1_s3_b1_S9_R1_001.fastq.gz; /shared/ngs/illumina/tstarr/210701_D00300_1272_BHM532BCX3/Unaligned/Project_tstarr/PSR_lib1_s3_b1_S9_R1_001.fastq.gz
lib1,PSR_03_bin2,PSR,2,3,210623,2990094,/shared/ngs/illumina/tstarr/210728_D00300_1288_AHMGMTBCX3/Unaligned/Project_tstarr/PSR_lib1_s3_b2_S10_R1_001.fastq.gz; /shared/ngs/illumina/tstarr/210701_D00300_1272_BHM532BCX3/Unaligned/Project_tstarr/PSR_lib1_s3_b2_S10_R1_001.fastq.gz
lib1,PSR_03_bin3,PSR,3,3,210623,1205131,/shared/ngs/illumina/tstarr/210728_D00300_1288_AHMGMTBCX3/Unaligned/Project_tstarr/PSR_lib1_s3_b3_S11_R1_001.fastq.gz; /shared/ngs/illumina/tstarr/210701_D00300_1272_BHM532BCX3/Unaligned/Project_tstarr/PSR_lib1_s3_b3_S11_R1_001.fastq.gz
lib1,PSR_03_bin4,PSR,4,3,210623,328641,/shared/ngs/illumina/tstarr/210728_D00300_1288_AHMGMTBCX3/Unaligned/Project_tstarr/PSR_lib1_s3_b4_S12_R1_001.fastq.gz; /shared/ngs/illumina/tstarr/210701_D00300_1272_BHM532BCX3/Unaligned/Project_tstarr/PSR_lib1_s3_b4_S12_R1_001.fastq.gz
lib1,PSR_04_bin1,PSR,1,4,210623,1810068,/shared/ngs/illumina/tstarr/210728_D00300_1288_AHMGMTBCX3/Unaligned/Project_tstarr/PSR_lib1_s4_b1_S13_R1_001.fastq.gz; /shared/ngs/illumina/tstarr/210701_D00300_1272_BHM532BCX3/Unaligned/Project_tstarr/PSR_lib1_s4_b1_S13_R1_001.fastq.gz
lib1,PSR_04_bin2,PSR,2,4,210623,2620843,/shared/ngs/illumina/tstarr/210728_D00300_1288_AHMGMTBCX3/Unaligned/Project_tstarr/PSR_lib1_s4_b2_S14_R1_001.fastq.gz; /shared/ngs/illumina/tstarr/210701_D00300_1272_BHM532BCX3/Unaligned/Project_tstarr/PSR_lib1_s4_b2_S14_R1_001.fastq.gz
lib1,PSR_04_bin3,PSR,3,4,210623,530641,/shared/ngs/illumina/tstarr/210728_D00300_1288_AHMGMTBCX3/Unaligned/Project_tstarr/PSR_lib1_s4_b3_S15_R1_001.fastq.gz; /shared/ngs/illumina/tstarr/210701_D00300_1272_BHM532BCX3/Unaligned/Project_tstarr/PSR_lib1_s4_b3_S15_R1_001.fastq.gz
lib1,PSR_04_bin4,PSR,4,4,210623,118642,/shared/ngs/illumina/tstarr/210728_D00300_1288_AHMGMTBCX3/Unaligned/Project_tstarr/PSR_lib1_s4_b4_S16_R1_001.fastq.gz; /shared/ngs/illumina/tstarr/210701_D00300_1272_BHM532BCX3/Unaligned/Project_tstarr/PSR_lib1_s4_b4_S16_R1_001.fastq.gz
lib1,PSR_05_bin1,PSR,1,5,210623,4778551,/shared/ngs/illumina/tstarr/210728_D00300_1288_AHMGMTBCX3/Unaligned/Project_tstarr/PSR_lib1_s5_b1_S17_R1_001.fastq.gz; /shared/ngs/illumina/tstarr/210701_D00300_1272_BHM532BCX3/Unaligned/Project_tstarr/PSR_lib1_s5_b1_S17_R1_001.fastq.gz
lib1,PSR_05_bin2,PSR,2,5,210623,353774,/shared/ngs/illumina/tstarr/210728_D00300_1288_AHMGMTBCX3/Unaligned/Project_tstarr/PSR_lib1_s5_b2_S18_R1_001.fastq.gz; /shared/ngs/illumina/tstarr/210701_D00300_1272_BHM532BCX3/Unaligned/Project_tstarr/PSR_lib1_s5_b2_S18_R1_001.fastq.gz
lib1,PSR_05_bin3,PSR,3,5,210623,931,/shared/ngs/illumina/tstarr/210728_D00300_1288_AHMGMTBCX3/Unaligned/Project_tstarr/PSR_lib1_s5_b3_S19_R1_001.fastq.gz; /shared/ngs/illumina/tstarr/210701_D00300_1272_BHM532BCX3/Unaligned/Project_tstarr/PSR_lib1_s5_b3_S19_R1_001.fastq.gz
lib1,PSR_05_bin4,PSR,4,5,210623,86,/shared/ngs/illumina/tstarr/210728_D00300_1288_AHMGMTBCX3/Unaligned/Project_tstarr/PSR_lib1_s5_b4_S20_R1_001.fastq.gz; /shared/ngs/illumina/tstarr/210701_D00300_1272_BHM532BCX3/Unaligned/Project_tstarr/PSR_lib1_s5_b4_S20_R1_001.fastq.gz
lib2,PSR_01_bin1,PSR,1,1,210623,205712,/shared/ngs/illumina/tstarr/210728_D00300_1288_AHMGMTBCX3/Unaligned/Project_tstarr/PSR_lib2_s1_b1_S21_R1_001.fastq.gz; /shared/ngs/illumina/tstarr/210701_D00300_1272_BHM532BCX3/Unaligned/Project_tstarr/PSR_lib2_s1_b1_S21_R1_001.fastq.gz
lib2,PSR_01_bin2,PSR,2,1,210623,1052179,/shared/ngs/illumina/tstarr/210728_D00300_1288_AHMGMTBCX3/Unaligned/Project_tstarr/PSR_lib2_s1_b2_S22_R1_001.fastq.gz; /shared/ngs/illumina/tstarr/210701_D00300_1272_BHM532BCX3/Unaligned/Project_tstarr/PSR_lib2_s1_b2_S22_R1_001.fastq.gz
lib2,PSR_01_bin3,PSR,3,1,210623,2587244,/shared/ngs/illumina/tstarr/210728_D00300_1288_AHMGMTBCX3/Unaligned/Project_tstarr/PSR_lib2_s1_b3_S23_R1_001.fastq.gz; /shared/ngs/illumina/tstarr/210701_D00300_1272_BHM532BCX3/Unaligned/Project_tstarr/PSR_lib2_s1_b3_S23_R1_001.fastq.gz
lib2,PSR_01_bin4,PSR,4,1,210623,1258113,/shared/ngs/illumina/tstarr/210728_D00300_1288_AHMGMTBCX3/Unaligned/Project_tstarr/PSR_lib2_s1_b4_S24_R1_001.fastq.gz; /shared/ngs/illumina/tstarr/210701_D00300_1272_BHM532BCX3/Unaligned/Project_tstarr/PSR_lib2_s1_b4_S24_R1_001.fastq.gz
lib2,PSR_02_bin1,PSR,1,2,210623,92181,/shared/ngs/illumina/tstarr/210728_D00300_1288_AHMGMTBCX3/Unaligned/Project_tstarr/PSR_lib2_s2_b1_S25_R1_001.fastq.gz; /shared/ngs/illumina/tstarr/210701_D00300_1272_BHM532BCX3/Unaligned/Project_tstarr/PSR_lib2_s2_b1_S25_R1_001.fastq.gz
lib2,PSR_02_bin2,PSR,2,2,210623,1595278,/shared/ngs/illumina/tstarr/210728_D00300_1288_AHMGMTBCX3/Unaligned/Project_tstarr/PSR_lib2_s2_b2_S26_R1_001.fastq.gz; /shared/ngs/illumina/tstarr/210701_D00300_1272_BHM532BCX3/Unaligned/Project_tstarr/PSR_lib2_s2_b2_S26_R1_001.fastq.gz
lib2,PSR_02_bin3,PSR,3,2,210623,2631834,/shared/ngs/illumina/tstarr/210728_D00300_1288_AHMGMTBCX3/Unaligned/Project_tstarr/PSR_lib2_s2_b3_S27_R1_001.fastq.gz; /shared/ngs/illumina/tstarr/210701_D00300_1272_BHM532BCX3/Unaligned/Project_tstarr/PSR_lib2_s2_b3_S27_R1_001.fastq.gz
lib2,PSR_02_bin4,PSR,4,2,210623,809181,/shared/ngs/illumina/tstarr/210728_D00300_1288_AHMGMTBCX3/Unaligned/Project_tstarr/PSR_lib2_s2_b4_S28_R1_001.fastq.gz; /shared/ngs/illumina/tstarr/210701_D00300_1272_BHM532BCX3/Unaligned/Project_tstarr/PSR_lib2_s2_b4_S28_R1_001.fastq.gz
lib2,PSR_03_bin1,PSR,1,3,210623,212570,/shared/ngs/illumina/tstarr/210728_D00300_1288_AHMGMTBCX3/Unaligned/Project_tstarr/PSR_lib2_s3_b1_S29_R1_001.fastq.gz; /shared/ngs/illumina/tstarr/210701_D00300_1272_BHM532BCX3/Unaligned/Project_tstarr/PSR_lib2_s3_b1_S29_R1_001.fastq.gz
lib2,PSR_03_bin2,PSR,2,3,210623,2734623,/shared/ngs/illumina/tstarr/210728_D00300_1288_AHMGMTBCX3/Unaligned/Project_tstarr/PSR_lib2_s3_b2_S30_R1_001.fastq.gz; /shared/ngs/illumina/tstarr/210701_D00300_1272_BHM532BCX3/Unaligned/Project_tstarr/PSR_lib2_s3_b2_S30_R1_001.fastq.gz
lib2,PSR_03_bin3,PSR,3,3,210623,2024807,/shared/ngs/illumina/tstarr/210728_D00300_1288_AHMGMTBCX3/Unaligned/Project_tstarr/PSR_lib2_s3_b3_S31_R1_001.fastq.gz; /shared/ngs/illumina/tstarr/210701_D00300_1272_BHM532BCX3/Unaligned/Project_tstarr/PSR_lib2_s3_b3_S31_R1_001.fastq.gz
lib2,PSR_03_bin4,PSR,4,3,210623,394498,/shared/ngs/illumina/tstarr/210728_D00300_1288_AHMGMTBCX3/Unaligned/Project_tstarr/PSR_lib2_s3_b4_S32_R1_001.fastq.gz; /shared/ngs/illumina/tstarr/210701_D00300_1272_BHM532BCX3/Unaligned/Project_tstarr/PSR_lib2_s3_b4_S32_R1_001.fastq.gz
lib2,PSR_04_bin1,PSR,1,4,210623,522992,/shared/ngs/illumina/tstarr/210728_D00300_1288_AHMGMTBCX3/Unaligned/Project_tstarr/PSR_lib2_s4_b1_S33_R1_001.fastq.gz; /shared/ngs/illumina/tstarr/210701_D00300_1272_BHM532BCX3/Unaligned/Project_tstarr/PSR_lib2_s4_b1_S33_R1_001.fastq.gz
lib2,PSR_04_bin2,PSR,2,4,210623,3416342,/shared/ngs/illumina/tstarr/210728_D00300_1288_AHMGMTBCX3/Unaligned/Project_tstarr/PSR_lib2_s4_b2_S34_R1_001.fastq.gz; /shared/ngs/illumina/tstarr/210701_D00300_1272_BHM532BCX3/Unaligned/Project_tstarr/PSR_lib2_s4_b2_S34_R1_001.fastq.gz
lib2,PSR_04_bin3,PSR,3,4,210623,1023529,/shared/ngs/illumina/tstarr/210728_D00300_1288_AHMGMTBCX3/Unaligned/Project_tstarr/PSR_lib2_s4_b3_S35_R1_001.fastq.gz; /shared/ngs/illumina/tstarr/210701_D00300_1272_BHM532BCX3/Unaligned/Project_tstarr/PSR_lib2_s4_b3_S35_R1_001.fastq.gz
lib2,PSR_04_bin4,PSR,4,4,210623,137633,/shared/ngs/illumina/tstarr/210728_D00300_1288_AHMGMTBCX3/Unaligned/Project_tstarr/PSR_lib2_s4_b4_S36_R1_001.fastq.gz; /shared/ngs/illumina/tstarr/210701_D00300_1272_BHM532BCX3/Unaligned/Project_tstarr/PSR_lib2_s4_b4_S36_R1_001.fastq.gz
lib2,PSR_05_bin1,PSR,1,5,210623,4937652,/shared/ngs/illumina/tstarr/210728_D00300_1288_AHMGMTBCX3/Unaligned/Project_tstarr/PSR_lib2_s5_b1_S37_R1_001.fastq.gz; /shared/ngs/illumina/tstarr/210701_D00300_1272_BHM532BCX3/Unaligned/Project_tstarr/PSR_lib2_s5_b1_S37_R1_001.fastq.gz
lib2,PSR_05_bin2,PSR,2,5,210623,852436,/shared/ngs/illumina/tstarr/210728_D00300_1288_AHMGMTBCX3/Unaligned/Project_tstarr/PSR_lib2_s5_b2_S38_R1_001.fastq.gz; /shared/ngs/illumina/tstarr/210701_D00300_1272_BHM532BCX3/Unaligned/Project_tstarr/PSR_lib2_s5_b2_S38_R1_001.fastq.gz
lib2,PSR_05_bin3,PSR,3,5,210623,1912,/shared/ngs/illumina/tstarr/210728_D00300_1288_AHMGMTBCX3/Unaligned/Project_tstarr/PSR_lib2_s5_b3_S39_R1_001.fastq.gz; /shared/ngs/illumina/tstarr/210701_D00300_1272_BHM532BCX3/Unaligned/Project_tstarr/PSR_lib2_s5_b3_S39_R1_001.fastq.gz
lib2,PSR_05_bin4,PSR,4,5,210623,123,/shared/ngs/illumina/tstarr/210728_D00300_1288_AHMGMTBCX3/Unaligned/Project_tstarr/PSR_lib2_s5_b4_S40_R1_001.fastq.gz; /shared/ngs/illumina/tstarr/210701_D00300_1272_BHM532BCX3/Unaligned/Project_tstarr/PSR_lib2_s5_b4_S40_R1_001.fastq.gz
lib1,TiteSeq_01_bin1,TiteSeq,1,1,210624,9967,/shared/ngs/illumina/tstarr/210728_D00300_1288_AHMGMTBCX3/Unaligned/Project_tstarr/210624_s01-b1_S53_R1_001.fastq.gz; /shared/ngs/illumina/tstarr/210701_D00300_1272_BHM532BCX3/Unaligned/Project_tstarr/210624_s01-b1_S53_R1_001.fastq.gz
lib1,TiteSeq_01_bin2,TiteSeq,2,1,210624,100694,/shared/ngs/illumina/tstarr/210728_D00300_1288_AHMGMTBCX3/Unaligned/Project_tstarr/210624_s01-b2_S54_R1_001.fastq.gz; /shared/ngs/illumina/tstarr/210701_D00300_1272_BHM532BCX3/Unaligned/Project_tstarr/210624_s01-b2_S54_R1_001.fastq.gz
lib1,TiteSeq_01_bin3,TiteSeq,3,1,210624,910229,/shared/ngs/illumina/tstarr/210728_D00300_1288_AHMGMTBCX3/Unaligned/Project_tstarr/210624_s01-b3_S55_R1_001.fastq.gz; /shared/ngs/illumina/tstarr/210701_D00300_1272_BHM532BCX3/Unaligned/Project_tstarr/210624_s01-b3_S55_R1_001.fastq.gz
lib1,TiteSeq_01_bin4,TiteSeq,4,1,210624,4152079,/shared/ngs/illumina/tstarr/210728_D00300_1288_AHMGMTBCX3/Unaligned/Project_tstarr/210624_s01-b4_S56_R1_001.fastq.gz; /shared/ngs/illumina/tstarr/210701_D00300_1272_BHM532BCX3/Unaligned/Project_tstarr/210624_s01-b4_S56_R1_001.fastq.gz
lib1,TiteSeq_02_bin1,TiteSeq,1,2,210624,78772,/shared/ngs/illumina/tstarr/210728_D00300_1288_AHMGMTBCX3/Unaligned/Project_tstarr/210624_s02-b1_S57_R1_001.fastq.gz; /shared/ngs/illumina/tstarr/210701_D00300_1272_BHM532BCX3/Unaligned/Project_tstarr/210624_s02-b1_S57_R1_001.fastq.gz
lib1,TiteSeq_02_bin2,TiteSeq,2,2,210624,363643,/shared/ngs/illumina/tstarr/210728_D00300_1288_AHMGMTBCX3/Unaligned/Project_tstarr/210624_s02-b2_S58_R1_001.fastq.gz; /shared/ngs/illumina/tstarr/210701_D00300_1272_BHM532BCX3/Unaligned/Project_tstarr/210624_s02-b2_S58_R1_001.fastq.gz
lib1,TiteSeq_02_bin3,TiteSeq,3,2,210624,1099977,/shared/ngs/illumina/tstarr/210728_D00300_1288_AHMGMTBCX3/Unaligned/Project_tstarr/210624_s02-b3_S59_R1_001.fastq.gz; /shared/ngs/illumina/tstarr/210701_D00300_1272_BHM532BCX3/Unaligned/Project_tstarr/210624_s02-b3_S59_R1_001.fastq.gz
lib1,TiteSeq_02_bin4,TiteSeq,4,2,210624,3597621,/shared/ngs/illumina/tstarr/210728_D00300_1288_AHMGMTBCX3/Unaligned/Project_tstarr/210624_s02-b4_S60_R1_001.fastq.gz; /shared/ngs/illumina/tstarr/210701_D00300_1272_BHM532BCX3/Unaligned/Project_tstarr/210624_s02-b4_S60_R1_001.fastq.gz
lib1,TiteSeq_03_bin1,TiteSeq,1,3,210624,165484,/shared/ngs/illumina/tstarr/210728_D00300_1288_AHMGMTBCX3/Unaligned/Project_tstarr/210624_s03-b1_S61_R1_001.fastq.gz; /shared/ngs/illumina/tstarr/210701_D00300_1272_BHM532BCX3/Unaligned/Project_tstarr/210624_s03-b1_S61_R1_001.fastq.gz
lib1,TiteSeq_03_bin2,TiteSeq,2,3,210624,563920,/shared/ngs/illumina/tstarr/210728_D00300_1288_AHMGMTBCX3/Unaligned/Project_tstarr/210624_s03-b2_S62_R1_001.fastq.gz; /shared/ngs/illumina/tstarr/210701_D00300_1272_BHM532BCX3/Unaligned/Project_tstarr/210624_s03-b2_S62_R1_001.fastq.gz
lib1,TiteSeq_03_bin3,TiteSeq,3,3,210624,1517930,/shared/ngs/illumina/tstarr/210728_D00300_1288_AHMGMTBCX3/Unaligned/Project_tstarr/210624_s03-b3_S63_R1_001.fastq.gz; /shared/ngs/illumina/tstarr/210701_D00300_1272_BHM532BCX3/Unaligned/Project_tstarr/210624_s03-b3_S63_R1_001.fastq.gz
lib1,TiteSeq_03_bin4,TiteSeq,4,3,210624,2863005,/shared/ngs/illumina/tstarr/210728_D00300_1288_AHMGMTBCX3/Unaligned/Project_tstarr/210624_s03-b4_S64_R1_001.fastq.gz; /shared/ngs/illumina/tstarr/210701_D00300_1272_BHM532BCX3/Unaligned/Project_tstarr/210624_s03-b4_S64_R1_001.fastq.gz
lib1,TiteSeq_04_bin1,TiteSeq,1,4,210624,292375,/shared/ngs/illumina/tstarr/210728_D00300_1288_AHMGMTBCX3/Unaligned/Project_tstarr/210624_s04-b1_S65_R1_001.fastq.gz; /shared/ngs/illumina/tstarr/210701_D00300_1272_BHM532BCX3/Unaligned/Project_tstarr/210624_s04-b1_S65_R1_001.fastq.gz
lib1,TiteSeq_04_bin2,TiteSeq,2,4,210624,715622,/shared/ngs/illumina/tstarr/210728_D00300_1288_AHMGMTBCX3/Unaligned/Project_tstarr/210624_s04-b2_S66_R1_001.fastq.gz; /shared/ngs/illumina/tstarr/210701_D00300_1272_BHM532BCX3/Unaligned/Project_tstarr/210624_s04-b2_S66_R1_001.fastq.gz
lib1,TiteSeq_04_bin3,TiteSeq,3,4,210624,2461781,/shared/ngs/illumina/tstarr/210728_D00300_1288_AHMGMTBCX3/Unaligned/Project_tstarr/210624_s04-b3_S67_R1_001.fastq.gz; /shared/ngs/illumina/tstarr/210701_D00300_1272_BHM532BCX3/Unaligned/Project_tstarr/210624_s04-b3_S67_R1_001.fastq.gz
lib1,TiteSeq_04_bin4,TiteSeq,4,4,210624,1745862,/shared/ngs/illumina/tstarr/210728_D00300_1288_AHMGMTBCX3/Unaligned/Project_tstarr/210624_s04-b4_S68_R1_001.fastq.gz; /shared/ngs/illumina/tstarr/210701_D00300_1272_BHM532BCX3/Unaligned/Project_tstarr/210624_s04-b4_S68_R1_001.fastq.gz
lib1,TiteSeq_05_bin1,TiteSeq,1,5,210624,410552,/shared/ngs/illumina/tstarr/210728_D00300_1288_AHMGMTBCX3/Unaligned/Project_tstarr/210624_s05-b1_S69_R1_001.fastq.gz; /shared/ngs/illumina/tstarr/210701_D00300_1272_BHM532BCX3/Unaligned/Project_tstarr/210624_s05-b1_S69_R1_001.fastq.gz
lib1,TiteSeq_05_bin2,TiteSeq,2,5,210624,1513776,/shared/ngs/illumina/tstarr/210728_D00300_1288_AHMGMTBCX3/Unaligned/Project_tstarr/210624_s05-b2_S70_R1_001.fastq.gz; /shared/ngs/illumina/tstarr/210701_D00300_1272_BHM532BCX3/Unaligned/Project_tstarr/210624_s05-b2_S70_R1_001.fastq.gz
lib1,TiteSeq_05_bin3,TiteSeq,3,5,210624,3204858,/shared/ngs/illumina/tstarr/210728_D00300_1288_AHMGMTBCX3/Unaligned/Project_tstarr/210624_s05-b3_S71_R1_001.fastq.gz; /shared/ngs/illumina/tstarr/210701_D00300_1272_BHM532BCX3/Unaligned/Project_tstarr/210624_s05-b3_S71_R1_001.fastq.gz
lib1,TiteSeq_05_bin4,TiteSeq,4,5,210624,48951,/shared/ngs/illumina/tstarr/210728_D00300_1288_AHMGMTBCX3/Unaligned/Project_tstarr/210624_s05-b4_S72_R1_001.fastq.gz; /shared/ngs/illumina/tstarr/210701_D00300_1272_BHM532BCX3/Unaligned/Project_tstarr/210624_s05-b4_S72_R1_001.fastq.gz
lib1,TiteSeq_06_bin1,TiteSeq,1,6,210624,1352339,/shared/ngs/illumina/tstarr/210728_D00300_1288_AHMGMTBCX3/Unaligned/Project_tstarr/210624_s06-b1_S73_R1_001.fastq.gz; /shared/ngs/illumina/tstarr/210701_D00300_1272_BHM532BCX3/Unaligned/Project_tstarr/210624_s06-b1_S73_R1_001.fastq.gz
lib1,TiteSeq_06_bin2,TiteSeq,2,6,210624,3598153,/shared/ngs/illumina/tstarr/210728_D00300_1288_AHMGMTBCX3/Unaligned/Project_tstarr/210624_s06-b2_S74_R1_001.fastq.gz; /shared/ngs/illumina/tstarr/210701_D00300_1272_BHM532BCX3/Unaligned/Project_tstarr/210624_s06-b2_S74_R1_001.fastq.gz
lib1,TiteSeq_06_bin3,TiteSeq,3,6,210624,98238,/shared/ngs/illumina/tstarr/210728_D00300_1288_AHMGMTBCX3/Unaligned/Project_tstarr/210624_s06-b3_S75_R1_001.fastq.gz; /shared/ngs/illumina/tstarr/210701_D00300_1272_BHM532BCX3/Unaligned/Project_tstarr/210624_s06-b3_S75_R1_001.fastq.gz
lib1,TiteSeq_06_bin4,TiteSeq,4,6,210624,17,/shared/ngs/illumina/tstarr/210728_D00300_1288_AHMGMTBCX3/Unaligned/Project_tstarr/210624_s06-b4_S76_R1_001.fastq.gz; /shared/ngs/illumina/tstarr/210701_D00300_1272_BHM532BCX3/Unaligned/Project_tstarr/210624_s06-b4_S76_R1_001.fastq.gz
lib1,TiteSeq_07_bin1,TiteSeq,1,7,210624,4214830,/shared/ngs/illumina/tstarr/210728_D00300_1288_AHMGMTBCX3/Unaligned/Project_tstarr/210624_s07-b1_S77_R1_001.fastq.gz; /shared/ngs/illumina/tstarr/210701_D00300_1272_BHM532BCX3/Unaligned/Project_tstarr/210624_s07-b1_S77_R1_001.fastq.gz
lib1,TiteSeq_07_bin2,TiteSeq,2,7,210624,814937,/shared/ngs/illumina/tstarr/210728_D00300_1288_AHMGMTBCX3/Unaligned/Project_tstarr/210624_s07-b2_S78_R1_001.fastq.gz; /shared/ngs/illumina/tstarr/210701_D00300_1272_BHM532BCX3/Unaligned/Project_tstarr/210624_s07-b2_S78_R1_001.fastq.gz
lib1,TiteSeq_07_bin3,TiteSeq,3,7,210624,321,/shared/ngs/illumina/tstarr/210728_D00300_1288_AHMGMTBCX3/Unaligned/Project_tstarr/210624_s07-b3_S79_R1_001.fastq.gz; /shared/ngs/illumina/tstarr/210701_D00300_1272_BHM532BCX3/Unaligned/Project_tstarr/210624_s07-b3_S79_R1_001.fastq.gz
lib1,TiteSeq_07_bin4,TiteSeq,4,7,210624,4,/shared/ngs/illumina/tstarr/210728_D00300_1288_AHMGMTBCX3/Unaligned/Project_tstarr/210624_s07-b4_S80_R1_001.fastq.gz; /shared/ngs/illumina/tstarr/210701_D00300_1272_BHM532BCX3/Unaligned/Project_tstarr/210624_s07-b4_S80_R1_001.fastq.gz
lib1,TiteSeq_08_bin1,TiteSeq,1,8,210624,4879499,/shared/ngs/illumina/tstarr/210728_D00300_1288_AHMGMTBCX3/Unaligned/Project_tstarr/210624_s08-b1_S81_R1_001.fastq.gz; /shared/ngs/illumina/tstarr/210701_D00300_1272_BHM532BCX3/Unaligned/Project_tstarr/210624_s08-b1_S81_R1_001.fastq.gz
lib1,TiteSeq_08_bin2,TiteSeq,2,8,210624,166605,/shared/ngs/illumina/tstarr/210728_D00300_1288_AHMGMTBCX3/Unaligned/Project_tstarr/210624_s08-b2_S82_R1_001.fastq.gz; /shared/ngs/illumina/tstarr/210701_D00300_1272_BHM532BCX3/Unaligned/Project_tstarr/210624_s08-b2_S82_R1_001.fastq.gz
lib1,TiteSeq_08_bin3,TiteSeq,3,8,210624,110,/shared/ngs/illumina/tstarr/210728_D00300_1288_AHMGMTBCX3/Unaligned/Project_tstarr/210624_s08-b3_S83_R1_001.fastq.gz; /shared/ngs/illumina/tstarr/210701_D00300_1272_BHM532BCX3/Unaligned/Project_tstarr/210624_s08-b3_S83_R1_001.fastq.gz
lib1,TiteSeq_08_bin4,TiteSeq,4,8,210624,34,/shared/ngs/illumina/tstarr/210728_D00300_1288_AHMGMTBCX3/Unaligned/Project_tstarr/210624_s08-b4_S84_R1_001.fastq.gz; /shared/ngs/illumina/tstarr/210701_D00300_1272_BHM532BCX3/Unaligned/Project_tstarr/210624_s08-b4_S84_R1_001.fastq.gz
lib1,TiteSeq_09_bin1,TiteSeq,1,9,210624,4994518,/shared/ngs/illumina/tstarr/210728_D00300_1288_AHMGMTBCX3/Unaligned/Project_tstarr/210624_s09-b1_S85_R1_001.fastq.gz; /shared/ngs/illumina/tstarr/210701_D00300_1272_BHM532BCX3/Unaligned/Project_tstarr/210624_s09-b1_S85_R1_001.fastq.gz
lib1,TiteSeq_09_bin2,TiteSeq,2,9,210624,97766,/shared/ngs/illumina/tstarr/210728_D00300_1288_AHMGMTBCX3/Unaligned/Project_tstarr/210624_s09-b2_S86_R1_001.fastq.gz; /shared/ngs/illumina/tstarr/210701_D00300_1272_BHM532BCX3/Unaligned/Project_tstarr/210624_s09-b2_S86_R1_001.fastq.gz
lib1,TiteSeq_09_bin3,TiteSeq,3,9,210624,156,/shared/ngs/illumina/tstarr/210728_D00300_1288_AHMGMTBCX3/Unaligned/Project_tstarr/210624_s09-b3_S87_R1_001.fastq.gz; /shared/ngs/illumina/tstarr/210701_D00300_1272_BHM532BCX3/Unaligned/Project_tstarr/210624_s09-b3_S87_R1_001.fastq.gz
lib1,TiteSeq_09_bin4,TiteSeq,4,9,210624,57,/shared/ngs/illumina/tstarr/210728_D00300_1288_AHMGMTBCX3/Unaligned/Project_tstarr/210624_s09-b4_S88_R1_001.fastq.gz; /shared/ngs/illumina/tstarr/210701_D00300_1272_BHM532BCX3/Unaligned/Project_tstarr/210624_s09-b4_S88_R1_001.fastq.gz
lib2,TiteSeq_01_bin1,TiteSeq,1,1,210624,5023,/shared/ngs/illumina/tstarr/210728_D00300_1288_AHMGMTBCX3/Unaligned/Project_tstarr/210624_s10-b1_S89_R1_001.fastq.gz; /shared/ngs/illumina/tstarr/210701_D00300_1272_BHM532BCX3/Unaligned/Project_tstarr/210624_s10-b1_S89_R1_001.fastq.gz
lib2,TiteSeq_01_bin2,TiteSeq,2,1,210624,85666,/shared/ngs/illumina/tstarr/210728_D00300_1288_AHMGMTBCX3/Unaligned/Project_tstarr/210624_s10-b2_S90_R1_001.fastq.gz; /shared/ngs/illumina/tstarr/210701_D00300_1272_BHM532BCX3/Unaligned/Project_tstarr/210624_s10-b2_S90_R1_001.fastq.gz
lib2,TiteSeq_01_bin3,TiteSeq,3,1,210624,910355,/shared/ngs/illumina/tstarr/210728_D00300_1288_AHMGMTBCX3/Unaligned/Project_tstarr/210624_s10-b3_S91_R1_001.fastq.gz; /shared/ngs/illumina/tstarr/210701_D00300_1272_BHM532BCX3/Unaligned/Project_tstarr/210624_s10-b3_S91_R1_001.fastq.gz
lib2,TiteSeq_01_bin4,TiteSeq,4,1,210624,4087566,/shared/ngs/illumina/tstarr/210728_D00300_1288_AHMGMTBCX3/Unaligned/Project_tstarr/210624_s10-b4_S92_R1_001.fastq.gz; /shared/ngs/illumina/tstarr/210701_D00300_1272_BHM532BCX3/Unaligned/Project_tstarr/210624_s10-b4_S92_R1_001.fastq.gz
lib2,TiteSeq_02_bin1,TiteSeq,1,2,210624,64354,/shared/ngs/illumina/tstarr/210728_D00300_1288_AHMGMTBCX3/Unaligned/Project_tstarr/210624_s11-b1_S93_R1_001.fastq.gz; /shared/ngs/illumina/tstarr/210701_D00300_1272_BHM532BCX3/Unaligned/Project_tstarr/210624_s11-b1_S93_R1_001.fastq.gz
lib2,TiteSeq_02_bin2,TiteSeq,2,2,210624,377819,/shared/ngs/illumina/tstarr/210728_D00300_1288_AHMGMTBCX3/Unaligned/Project_tstarr/210624_s11-b2_S94_R1_001.fastq.gz; /shared/ngs/illumina/tstarr/210701_D00300_1272_BHM532BCX3/Unaligned/Project_tstarr/210624_s11-b2_S94_R1_001.fastq.gz
lib2,TiteSeq_02_bin3,TiteSeq,3,2,210624,1149394,/shared/ngs/illumina/tstarr/210728_D00300_1288_AHMGMTBCX3/Unaligned/Project_tstarr/210624_s11-b3_S95_R1_001.fastq.gz; /shared/ngs/illumina/tstarr/210701_D00300_1272_BHM532BCX3/Unaligned/Project_tstarr/210624_s11-b3_S95_R1_001.fastq.gz
lib2,TiteSeq_02_bin4,TiteSeq,4,2,210624,3595640,/shared/ngs/illumina/tstarr/210728_D00300_1288_AHMGMTBCX3/Unaligned/Project_tstarr/210624_s11-b4_S96_R1_001.fastq.gz; /shared/ngs/illumina/tstarr/210701_D00300_1272_BHM532BCX3/Unaligned/Project_tstarr/210624_s11-b4_S96_R1_001.fastq.gz
lib2,TiteSeq_03_bin1,TiteSeq,1,3,210624,146993,/shared/ngs/illumina/tstarr/210728_D00300_1288_AHMGMTBCX3/Unaligned/Project_tstarr/210624_s12-b1_S97_R1_001.fastq.gz; /shared/ngs/illumina/tstarr/210701_D00300_1272_BHM532BCX3/Unaligned/Project_tstarr/210624_s12-b1_S97_R1_001.fastq.gz
lib2,TiteSeq_03_bin2,TiteSeq,2,3,210624,585863,/shared/ngs/illumina/tstarr/210728_D00300_1288_AHMGMTBCX3/Unaligned/Project_tstarr/210624_s12-b2_S98_R1_001.fastq.gz; /shared/ngs/illumina/tstarr/210701_D00300_1272_BHM532BCX3/Unaligned/Project_tstarr/210624_s12-b2_S98_R1_001.fastq.gz
lib2,TiteSeq_03_bin3,TiteSeq,3,3,210624,1546007,/shared/ngs/illumina/tstarr/210728_D00300_1288_AHMGMTBCX3/Unaligned/Project_tstarr/210624_s12-b3_S99_R1_001.fastq.gz; /shared/ngs/illumina/tstarr/210701_D00300_1272_BHM532BCX3/Unaligned/Project_tstarr/210624_s12-b3_S99_R1_001.fastq.gz
lib2,TiteSeq_03_bin4,TiteSeq,4,3,210624,2888203,/shared/ngs/illumina/tstarr/210728_D00300_1288_AHMGMTBCX3/Unaligned/Project_tstarr/210624_s12-b4_S100_R1_001.fastq.gz; /shared/ngs/illumina/tstarr/210701_D00300_1272_BHM532BCX3/Unaligned/Project_tstarr/210624_s12-b4_S100_R1_001.fastq.gz
lib2,TiteSeq_04_bin1,TiteSeq,1,4,210624,229759,/shared/ngs/illumina/tstarr/210728_D00300_1288_AHMGMTBCX3/Unaligned/Project_tstarr/210624_s13-b1_S101_R1_001.fastq.gz; /shared/ngs/illumina/tstarr/210701_D00300_1272_BHM532BCX3/Unaligned/Project_tstarr/210624_s13-b1_S101_R1_001.fastq.gz
lib2,TiteSeq_04_bin2,TiteSeq,2,4,210624,754199,/shared/ngs/illumina/tstarr/210728_D00300_1288_AHMGMTBCX3/Unaligned/Project_tstarr/210624_s13-b2_S102_R1_001.fastq.gz; /shared/ngs/illumina/tstarr/210701_D00300_1272_BHM532BCX3/Unaligned/Project_tstarr/210624_s13-b2_S102_R1_001.fastq.gz
lib2,TiteSeq_04_bin3,TiteSeq,3,4,210624,2383948,/shared/ngs/illumina/tstarr/210728_D00300_1288_AHMGMTBCX3/Unaligned/Project_tstarr/210624_s13-b3_S103_R1_001.fastq.gz; /shared/ngs/illumina/tstarr/210701_D00300_1272_BHM532BCX3/Unaligned/Project_tstarr/210624_s13-b3_S103_R1_001.fastq.gz
lib2,TiteSeq_04_bin4,TiteSeq,4,4,210624,1851348,/shared/ngs/illumina/tstarr/210728_D00300_1288_AHMGMTBCX3/Unaligned/Project_tstarr/210624_s13-b4_S104_R1_001.fastq.gz; /shared/ngs/illumina/tstarr/210701_D00300_1272_BHM532BCX3/Unaligned/Project_tstarr/210624_s13-b4_S104_R1_001.fastq.gz
lib2,TiteSeq_05_bin1,TiteSeq,1,5,210624,330918,/shared/ngs/illumina/tstarr/210728_D00300_1288_AHMGMTBCX3/Unaligned/Project_tstarr/210624_s14-b1_S105_R1_001.fastq.gz; /shared/ngs/illumina/tstarr/210701_D00300_1272_BHM532BCX3/Unaligned/Project_tstarr/210624_s14-b1_S105_R1_001.fastq.gz
lib2,TiteSeq_05_bin2,TiteSeq,2,5,210624,1498361,/shared/ngs/illumina/tstarr/210728_D00300_1288_AHMGMTBCX3/Unaligned/Project_tstarr/210624_s14-b2_S106_R1_001.fastq.gz; /shared/ngs/illumina/tstarr/210701_D00300_1272_BHM532BCX3/Unaligned/Project_tstarr/210624_s14-b2_S106_R1_001.fastq.gz
lib2,TiteSeq_05_bin3,TiteSeq,3,5,210624,3161208,/shared/ngs/illumina/tstarr/210728_D00300_1288_AHMGMTBCX3/Unaligned/Project_tstarr/210624_s14-b3_S107_R1_001.fastq.gz; /shared/ngs/illumina/tstarr/210701_D00300_1272_BHM532BCX3/Unaligned/Project_tstarr/210624_s14-b3_S107_R1_001.fastq.gz
lib2,TiteSeq_05_bin4,TiteSeq,4,5,210624,54642,/shared/ngs/illumina/tstarr/210728_D00300_1288_AHMGMTBCX3/Unaligned/Project_tstarr/210624_s14-b4_S108_R1_001.fastq.gz; /shared/ngs/illumina/tstarr/210701_D00300_1272_BHM532BCX3/Unaligned/Project_tstarr/210624_s14-b4_S108_R1_001.fastq.gz
lib2,TiteSeq_06_bin1,TiteSeq,1,6,210624,1260056,/shared/ngs/illumina/tstarr/210728_D00300_1288_AHMGMTBCX3/Unaligned/Project_tstarr/210624_s15-b1_S109_R1_001.fastq.gz; /shared/ngs/illumina/tstarr/210701_D00300_1272_BHM532BCX3/Unaligned/Project_tstarr/210624_s15-b1_S109_R1_001.fastq.gz
lib2,TiteSeq_06_bin2,TiteSeq,2,6,210624,3701958,/shared/ngs/illumina/tstarr/210728_D00300_1288_AHMGMTBCX3/Unaligned/Project_tstarr/210624_s15-b2_S110_R1_001.fastq.gz; /shared/ngs/illumina/tstarr/210701_D00300_1272_BHM532BCX3/Unaligned/Project_tstarr/210624_s15-b2_S110_R1_001.fastq.gz
lib2,TiteSeq_06_bin3,TiteSeq,3,6,210624,90277,/shared/ngs/illumina/tstarr/210728_D00300_1288_AHMGMTBCX3/Unaligned/Project_tstarr/210624_s15-b3_S111_R1_001.fastq.gz; /shared/ngs/illumina/tstarr/210701_D00300_1272_BHM532BCX3/Unaligned/Project_tstarr/210624_s15-b3_S111_R1_001.fastq.gz
lib2,TiteSeq_06_bin4,TiteSeq,4,6,210624,19,/shared/ngs/illumina/tstarr/210728_D00300_1288_AHMGMTBCX3/Unaligned/Project_tstarr/210624_s15-b4_S112_R1_001.fastq.gz; /shared/ngs/illumina/tstarr/210701_D00300_1272_BHM532BCX3/Unaligned/Project_tstarr/210624_s15-b4_S112_R1_001.fastq.gz
lib2,TiteSeq_07_bin1,TiteSeq,1,7,210624,4182689,/shared/ngs/illumina/tstarr/210728_D00300_1288_AHMGMTBCX3/Unaligned/Project_tstarr/210624_s16-b1_S41_R1_001.fastq.gz; /shared/ngs/illumina/tstarr/210701_D00300_1272_BHM532BCX3/Unaligned/Project_tstarr/210624_s16-b1_S41_R1_001.fastq.gz
lib2,TiteSeq_07_bin2,TiteSeq,2,7,210624,830786,/shared/ngs/illumina/tstarr/210728_D00300_1288_AHMGMTBCX3/Unaligned/Project_tstarr/210624_s16-b2_S42_R1_001.fastq.gz; /shared/ngs/illumina/tstarr/210701_D00300_1272_BHM532BCX3/Unaligned/Project_tstarr/210624_s16-b2_S42_R1_001.fastq.gz
lib2,TiteSeq_07_bin3,TiteSeq,3,7,210624,273,/shared/ngs/illumina/tstarr/210728_D00300_1288_AHMGMTBCX3/Unaligned/Project_tstarr/210624_s26-b3_S43_R1_001.fastq.gz; /shared/ngs/illumina/tstarr/210701_D00300_1272_BHM532BCX3/Unaligned/Project_tstarr/210624_s26-b3_S43_R1_001.fastq.gz
lib2,TiteSeq_07_bin4,TiteSeq,4,7,210624,20,/shared/ngs/illumina/tstarr/210728_D00300_1288_AHMGMTBCX3/Unaligned/Project_tstarr/210624_s16-b4_S44_R1_001.fastq.gz; /shared/ngs/illumina/tstarr/210701_D00300_1272_BHM532BCX3/Unaligned/Project_tstarr/210624_s16-b4_S44_R1_001.fastq.gz
lib2,TiteSeq_08_bin1,TiteSeq,1,8,210624,4893728,/shared/ngs/illumina/tstarr/210728_D00300_1288_AHMGMTBCX3/Unaligned/Project_tstarr/210624_s17-b1_S45_R1_001.fastq.gz; /shared/ngs/illumina/tstarr/210701_D00300_1272_BHM532BCX3/Unaligned/Project_tstarr/210624_s17-b1_S45_R1_001.fastq.gz
lib2,TiteSeq_08_bin2,TiteSeq,2,8,210624,154510,/shared/ngs/illumina/tstarr/210728_D00300_1288_AHMGMTBCX3/Unaligned/Project_tstarr/210624_s17-b2_S46_R1_001.fastq.gz; /shared/ngs/illumina/tstarr/210701_D00300_1272_BHM532BCX3/Unaligned/Project_tstarr/210624_s17-b2_S46_R1_001.fastq.gz
lib2,TiteSeq_08_bin3,TiteSeq,3,8,210624,83,/shared/ngs/illumina/tstarr/210728_D00300_1288_AHMGMTBCX3/Unaligned/Project_tstarr/210624_s17-b3_S47_R1_001.fastq.gz; /shared/ngs/illumina/tstarr/210701_D00300_1272_BHM532BCX3/Unaligned/Project_tstarr/210624_s17-b3_S47_R1_001.fastq.gz
lib2,TiteSeq_08_bin4,TiteSeq,4,8,210624,23,/shared/ngs/illumina/tstarr/210728_D00300_1288_AHMGMTBCX3/Unaligned/Project_tstarr/210624_s17-b4_S48_R1_001.fastq.gz; /shared/ngs/illumina/tstarr/210701_D00300_1272_BHM532BCX3/Unaligned/Project_tstarr/210624_s17-b4_S48_R1_001.fastq.gz
lib2,TiteSeq_09_bin1,TiteSeq,1,9,210624,5016672,/shared/ngs/illumina/tstarr/210728_D00300_1288_AHMGMTBCX3/Unaligned/Project_tstarr/210624_s18-b1_S49_R1_001.fastq.gz; /shared/ngs/illumina/tstarr/210701_D00300_1272_BHM532BCX3/Unaligned/Project_tstarr/210624_s18-b1_S49_R1_001.fastq.gz
lib2,TiteSeq_09_bin2,TiteSeq,2,9,210624,86684,/shared/ngs/illumina/tstarr/210728_D00300_1288_AHMGMTBCX3/Unaligned/Project_tstarr/210624_s18-b2_S50_R1_001.fastq.gz; /shared/ngs/illumina/tstarr/210701_D00300_1272_BHM532BCX3/Unaligned/Project_tstarr/210624_s18-b2_S50_R1_001.fastq.gz
lib2,TiteSeq_09_bin3,TiteSeq,3,9,210624,50,/shared/ngs/illumina/tstarr/210728_D00300_1288_AHMGMTBCX3/Unaligned/Project_tstarr/210624_s18-b3_S51_R1_001.fastq.gz; /shared/ngs/illumina/tstarr/210701_D00300_1272_BHM532BCX3/Unaligned/Project_tstarr/210624_s18-b3_S51_R1_001.fastq.gz
lib2,TiteSeq_09_bin4,TiteSeq,4,9,210624,3,/shared/ngs/illumina/tstarr/210728_D00300_1288_AHMGMTBCX3/Unaligned/Project_tstarr/210624_s18-b4_S52_R1_001.fastq.gz; /shared/ngs/illumina/tstarr/210701_D00300_1272_BHM532BCX3/Unaligned/Project_tstarr/210624_s18-b4_S52_R1_001.fastq.gz
lib1,TuGG_TiteSeq_01_bin1,TuGG_TiteSeq,1,1,210624,95588,/shared/ngs/illumina/tstarr/220428_VH00699_111_AAATNWKM5/Unaligned/Project_tstarr/220420_s01-b1_S1_R1_001.fastq.gz
lib1,TuGG_TiteSeq_01_bin2,TuGG_TiteSeq,2,1,210624,4168050,/shared/ngs/illumina/tstarr/220428_VH00699_111_AAATNWKM5/Unaligned/Project_tstarr/220420_s01-b2_S2_R1_001.fastq.gz
lib1,TuGG_TiteSeq_01_bin3,TuGG_TiteSeq,3,1,210624,4184690,/shared/ngs/illumina/tstarr/220428_VH00699_111_AAATNWKM5/Unaligned/Project_tstarr/220420_s01-b3_S3_R1_001.fastq.gz
lib1,TuGG_TiteSeq_01_bin4,TuGG_TiteSeq,4,1,210624,1183718,/shared/ngs/illumina/tstarr/220428_VH00699_111_AAATNWKM5/Unaligned/Project_tstarr/220420_s01-b4_S4_R1_001.fastq.gz
lib1,TuGG_TiteSeq_02_bin1,TuGG_TiteSeq,1,2,210624,3314375,/shared/ngs/illumina/tstarr/220428_VH00699_111_AAATNWKM5/Unaligned/Project_tstarr/220420_s02-b1_S5_R1_001.fastq.gz
lib1,TuGG_TiteSeq_02_bin2,TuGG_TiteSeq,2,2,210624,5019870,/shared/ngs/illumina/tstarr/220428_VH00699_111_AAATNWKM5/Unaligned/Project_tstarr/220420_s02-b2_S6_R1_001.fastq.gz
lib1,TuGG_TiteSeq_02_bin3,TuGG_TiteSeq,3,2,210624,648425,/shared/ngs/illumina/tstarr/220428_VH00699_111_AAATNWKM5/Unaligned/Project_tstarr/220420_s02-b3_S7_R1_001.fastq.gz
lib1,TuGG_TiteSeq_02_bin4,TuGG_TiteSeq,4,2,210624,157814,/shared/ngs/illumina/tstarr/220428_VH00699_111_AAATNWKM5/Unaligned/Project_tstarr/220420_s02-b4_S8_R1_001.fastq.gz
lib1,TuGG_TiteSeq_03_bin1,TuGG_TiteSeq,1,3,210624,3125305,/shared/ngs/illumina/tstarr/220428_VH00699_111_AAATNWKM5/Unaligned/Project_tstarr/220420_s03-b1_S9_R1_001.fastq.gz
lib1,TuGG_TiteSeq_03_bin2,TuGG_TiteSeq,2,3,210624,5256079,/shared/ngs/illumina/tstarr/220428_VH00699_111_AAATNWKM5/Unaligned/Project_tstarr/220420_s03-b2_S10_R1_001.fastq.gz
lib1,TuGG_TiteSeq_03_bin3,TuGG_TiteSeq,3,3,210624,953327,/shared/ngs/illumina/tstarr/220428_VH00699_111_AAATNWKM5/Unaligned/Project_tstarr/220420_s03-b3_S11_R1_001.fastq.gz
lib1,TuGG_TiteSeq_03_bin4,TuGG_TiteSeq,4,3,210624,120068,/shared/ngs/illumina/tstarr/220428_VH00699_111_AAATNWKM5/Unaligned/Project_tstarr/220420_s03-b4_S12_R1_001.fastq.gz
lib1,TuGG_TiteSeq_04_bin1,TuGG_TiteSeq,1,4,210624,7469770,/shared/ngs/illumina/tstarr/220428_VH00699_111_AAATNWKM5/Unaligned/Project_tstarr/220420_s04-b1_S13_R1_001.fastq.gz
lib1,TuGG_TiteSeq_04_bin2,TuGG_TiteSeq,2,4,210624,760060,/shared/ngs/illumina/tstarr/220428_VH00699_111_AAATNWKM5/Unaligned/Project_tstarr/220420_s04-b2_S14_R1_001.fastq.gz
lib1,TuGG_TiteSeq_04_bin3,TuGG_TiteSeq,3,4,210624,36335,/shared/ngs/illumina/tstarr/220428_VH00699_111_AAATNWKM5/Unaligned/Project_tstarr/220420_s04-b3_S15_R1_001.fastq.gz
lib1,TuGG_TiteSeq_04_bin4,TuGG_TiteSeq,4,4,210624,17293,/shared/ngs/illumina/tstarr/220428_VH00699_111_AAATNWKM5/Unaligned/Project_tstarr/220420_s04-b4_S16_R1_001.fastq.gz
lib1,TuGG_TiteSeq_05_bin1,TuGG_TiteSeq,1,5,210624,6294823,/shared/ngs/illumina/tstarr/220428_VH00699_111_AAATNWKM5/Unaligned/Project_tstarr/220420_s05-b1_S17_R1_001.fastq.gz
lib1,TuGG_TiteSeq_05_bin2,TuGG_TiteSeq,2,5,210624,151581,/shared/ngs/illumina/tstarr/220428_VH00699_111_AAATNWKM5/Unaligned/Project_tstarr/220420_s05-b2_S18_R1_001.fastq.gz
lib1,TuGG_TiteSeq_05_bin3,TuGG_TiteSeq,3,5,210624,3155,/shared/ngs/illumina/tstarr/220428_VH00699_111_AAATNWKM5/Unaligned/Project_tstarr/220420_s05-b3_S19_R1_001.fastq.gz
lib1,TuGG_TiteSeq_05_bin4,TuGG_TiteSeq,4,5,210624,1286,/shared/ngs/illumina/tstarr/220428_VH00699_111_AAATNWKM5/Unaligned/Project_tstarr/220420_s05-b4_S20_R1_001.fastq.gz
lib1,TuGG_TiteSeq_06_bin1,TuGG_TiteSeq,1,6,210624,8590833,/shared/ngs/illumina/tstarr/220428_VH00699_111_AAATNWKM5/Unaligned/Project_tstarr/220420_s06-b1_S21_R1_001.fastq.gz
lib1,TuGG_TiteSeq_06_bin2,TuGG_TiteSeq,2,6,210624,180075,/shared/ngs/illumina/tstarr/220428_VH00699_111_AAATNWKM5/Unaligned/Project_tstarr/220420_s06-b2_S22_R1_001.fastq.gz
lib1,TuGG_TiteSeq_06_bin3,TuGG_TiteSeq,3,6,210624,2343,/shared/ngs/illumina/tstarr/220428_VH00699_111_AAATNWKM5/Unaligned/Project_tstarr/220420_s06-b3_S23_R1_001.fastq.gz
lib1,TuGG_TiteSeq_06_bin4,TuGG_TiteSeq,4,6,210624,912,/shared/ngs/illumina/tstarr/220428_VH00699_111_AAATNWKM5/Unaligned/Project_tstarr/220420_s06-b4_S24_R1_001.fastq.gz
lib1,TuGG_TiteSeq_07_bin1,TuGG_TiteSeq,1,7,210624,8613053,/shared/ngs/illumina/tstarr/220428_VH00699_111_AAATNWKM5/Unaligned/Project_tstarr/220420_s07-b1_S25_R1_001.fastq.gz
lib1,TuGG_TiteSeq_07_bin2,TuGG_TiteSeq,2,7,210624,186532,/shared/ngs/illumina/tstarr/220428_VH00699_111_AAATNWKM5/Unaligned/Project_tstarr/220420_s07-b2_S26_R1_001.fastq.gz
lib1,TuGG_TiteSeq_07_bin3,TuGG_TiteSeq,3,7,210624,690,/shared/ngs/illumina/tstarr/220428_VH00699_111_AAATNWKM5/Unaligned/Project_tstarr/220420_s07-b3_S27_R1_001.fastq.gz
lib1,TuGG_TiteSeq_07_bin4,TuGG_TiteSeq,4,7,210624,684,/shared/ngs/illumina/tstarr/220428_VH00699_111_AAATNWKM5/Unaligned/Project_tstarr/220420_s07-b4_S28_R1_001.fastq.gz
lib1,TuGG_TiteSeq_09_bin1,TuGG_TiteSeq,1,9,210624,8975223,/shared/ngs/illumina/tstarr/220428_VH00699_111_AAATNWKM5/Unaligned/Project_tstarr/220420_s09-b1_S29_R1_001.fastq.gz
lib1,TuGG_TiteSeq_09_bin2,TuGG_TiteSeq,2,9,210624,268793,/shared/ngs/illumina/tstarr/220428_VH00699_111_AAATNWKM5/Unaligned/Project_tstarr/220420_s09-b2_S30_R1_001.fastq.gz
lib1,TuGG_TiteSeq_09_bin3,TuGG_TiteSeq,3,9,210624,697,/shared/ngs/illumina/tstarr/220428_VH00699_111_AAATNWKM5/Unaligned/Project_tstarr/220420_s09-b3_S31_R1_001.fastq.gz
lib1,TuGG_TiteSeq_09_bin4,TuGG_TiteSeq,4,9,210624,727,/shared/ngs/illumina/tstarr/220428_VH00699_111_AAATNWKM5/Unaligned/Project_tstarr/220420_s09-b4_S32_R1_001.fastq.gz
lib2,TuGG_TiteSeq_01_bin1,TuGG_TiteSeq,1,1,210624,115152,/shared/ngs/illumina/tstarr/220428_VH00699_111_AAATNWKM5/Unaligned/Project_tstarr/220420_s10-b1_S33_R1_001.fastq.gz
lib2,TuGG_TiteSeq_01_bin2,TuGG_TiteSeq,2,1,210624,5524687,/shared/ngs/illumina/tstarr/220428_VH00699_111_AAATNWKM5/Unaligned/Project_tstarr/220420_s10-b2_S34_R1_001.fastq.gz
lib2,TuGG_TiteSeq_01_bin3,TuGG_TiteSeq,3,1,210624,3023595,/shared/ngs/illumina/tstarr/220428_VH00699_111_AAATNWKM5/Unaligned/Project_tstarr/220420_s10-b3_S35_R1_001.fastq.gz
lib2,TuGG_TiteSeq_01_bin4,TuGG_TiteSeq,4,1,210624,669346,/shared/ngs/illumina/tstarr/220428_VH00699_111_AAATNWKM5/Unaligned/Project_tstarr/220420_s10-b4_S36_R1_001.fastq.gz
lib2,TuGG_TiteSeq_02_bin1,TuGG_TiteSeq,1,2,210624,3655690,/shared/ngs/illumina/tstarr/220428_VH00699_111_AAATNWKM5/Unaligned/Project_tstarr/220420_s11-b1_S37_R1_001.fastq.gz
lib2,TuGG_TiteSeq_02_bin2,TuGG_TiteSeq,2,2,210624,5318467,/shared/ngs/illumina/tstarr/220428_VH00699_111_AAATNWKM5/Unaligned/Project_tstarr/220420_s11-b2_S38_R1_001.fastq.gz
lib2,TuGG_TiteSeq_02_bin3,TuGG_TiteSeq,3,2,210624,484880,/shared/ngs/illumina/tstarr/220428_VH00699_111_AAATNWKM5/Unaligned/Project_tstarr/220420_s11-b3_S39_R1_001.fastq.gz
lib2,TuGG_TiteSeq_02_bin4,TuGG_TiteSeq,4,2,210624,136565,/shared/ngs/illumina/tstarr/220428_VH00699_111_AAATNWKM5/Unaligned/Project_tstarr/220420_s11-b4_S40_R1_001.fastq.gz
lib2,TuGG_TiteSeq_03_bin1,TuGG_TiteSeq,1,3,210624,2973732,/shared/ngs/illumina/tstarr/220428_VH00699_111_AAATNWKM5/Unaligned/Project_tstarr/220420_s12-b1_S41_R1_001.fastq.gz
lib2,TuGG_TiteSeq_03_bin2,TuGG_TiteSeq,2,3,210624,5603928,/shared/ngs/illumina/tstarr/220428_VH00699_111_AAATNWKM5/Unaligned/Project_tstarr/220420_s12-b2_S42_R1_001.fastq.gz
lib2,TuGG_TiteSeq_03_bin3,TuGG_TiteSeq,3,3,210624,830237,/shared/ngs/illumina/tstarr/220428_VH00699_111_AAATNWKM5/Unaligned/Project_tstarr/220420_s12-b3_S43_R1_001.fastq.gz
lib2,TuGG_TiteSeq_03_bin4,TuGG_TiteSeq,4,3,210624,77414,/shared/ngs/illumina/tstarr/220428_VH00699_111_AAATNWKM5/Unaligned/Project_tstarr/220420_s12-b4_S44_R1_001.fastq.gz
lib2,TuGG_TiteSeq_04_bin1,TuGG_TiteSeq,1,4,210624,9411050,/shared/ngs/illumina/tstarr/220428_VH00699_111_AAATNWKM5/Unaligned/Project_tstarr/220420_s13-b1_S45_R1_001.fastq.gz
lib2,TuGG_TiteSeq_04_bin2,TuGG_TiteSeq,2,4,210624,868830,/shared/ngs/illumina/tstarr/220428_VH00699_111_AAATNWKM5/Unaligned/Project_tstarr/220420_s13-b2_S46_R1_001.fastq.gz
lib2,TuGG_TiteSeq_04_bin3,TuGG_TiteSeq,3,4,210624,24669,/shared/ngs/illumina/tstarr/220428_VH00699_111_AAATNWKM5/Unaligned/Project_tstarr/220420_s13-b3_S47_R1_001.fastq.gz
lib2,TuGG_TiteSeq_04_bin4,TuGG_TiteSeq,4,4,210624,15997,/shared/ngs/illumina/tstarr/220428_VH00699_111_AAATNWKM5/Unaligned/Project_tstarr/220420_s13-b4_S48_R1_001.fastq.gz
lib2,TuGG_TiteSeq_05_bin1,TuGG_TiteSeq,1,5,210624,9099859,/shared/ngs/illumina/tstarr/220428_VH00699_111_AAATNWKM5/Unaligned/Project_tstarr/220420_s14-b1_S49_R1_001.fastq.gz
lib2,TuGG_TiteSeq_05_bin2,TuGG_TiteSeq,2,5,210624,230472,/shared/ngs/illumina/tstarr/220428_VH00699_111_AAATNWKM5/Unaligned/Project_tstarr/220420_s14-b2_S50_R1_001.fastq.gz
lib2,TuGG_TiteSeq_05_bin3,TuGG_TiteSeq,3,5,210624,12450,/shared/ngs/illumina/tstarr/220428_VH00699_111_AAATNWKM5/Unaligned/Project_tstarr/220420_s14-b3_S51_R1_001.fastq.gz
lib2,TuGG_TiteSeq_05_bin4,TuGG_TiteSeq,4,5,210624,5709,/shared/ngs/illumina/tstarr/220428_VH00699_111_AAATNWKM5/Unaligned/Project_tstarr/220420_s14-b4_S52_R1_001.fastq.gz
lib2,TuGG_TiteSeq_06_bin1,TuGG_TiteSeq,1,6,210624,9243226,/shared/ngs/illumina/tstarr/220428_VH00699_111_AAATNWKM5/Unaligned/Project_tstarr/220420_s15-b1_S53_R1_001.fastq.gz
lib2,TuGG_TiteSeq_06_bin2,TuGG_TiteSeq,2,6,210624,207411,/shared/ngs/illumina/tstarr/220428_VH00699_111_AAATNWKM5/Unaligned/Project_tstarr/220420_s15-b2_S54_R1_001.fastq.gz
lib2,TuGG_TiteSeq_06_bin3,TuGG_TiteSeq,3,6,210624,4539,/shared/ngs/illumina/tstarr/220428_VH00699_111_AAATNWKM5/Unaligned/Project_tstarr/220420_s15-b3_S55_R1_001.fastq.gz
lib2,TuGG_TiteSeq_06_bin4,TuGG_TiteSeq,4,6,210624,1069,/shared/ngs/illumina/tstarr/220428_VH00699_111_AAATNWKM5/Unaligned/Project_tstarr/220420_s15-b4_S56_R1_001.fastq.gz
lib2,TuGG_TiteSeq_07_bin1,TuGG_TiteSeq,1,7,210624,9230106,/shared/ngs/illumina/tstarr/220428_VH00699_111_AAATNWKM5/Unaligned/Project_tstarr/220420_s16-b1_S57_R1_001.fastq.gz
lib2,TuGG_TiteSeq_07_bin2,TuGG_TiteSeq,2,7,210624,177944,/shared/ngs/illumina/tstarr/220428_VH00699_111_AAATNWKM5/Unaligned/Project_tstarr/220420_s16-b2_S58_R1_001.fastq.gz
lib2,TuGG_TiteSeq_07_bin3,TuGG_TiteSeq,3,7,210624,502,/shared/ngs/illumina/tstarr/220428_VH00699_111_AAATNWKM5/Unaligned/Project_tstarr/220420_s16-b3_S59_R1_001.fastq.gz
lib2,TuGG_TiteSeq_07_bin4,TuGG_TiteSeq,4,7,210624,684,/shared/ngs/illumina/tstarr/220428_VH00699_111_AAATNWKM5/Unaligned/Project_tstarr/220420_s16-b4_S60_R1_001.fastq.gz
lib2,TuGG_TiteSeq_09_bin1,TuGG_TiteSeq,1,9,210624,9196329,/shared/ngs/illumina/tstarr/220428_VH00699_111_AAATNWKM5/Unaligned/Project_tstarr/220420_s18-b1_S61_R1_001.fastq.gz
lib2,TuGG_TiteSeq_09_bin2,TuGG_TiteSeq,2,9,210624,279088,/shared/ngs/illumina/tstarr/220428_VH00699_111_AAATNWKM5/Unaligned/Project_tstarr/220420_s18-b2_S62_R1_001.fastq.gz
lib2,TuGG_TiteSeq_09_bin3,TuGG_TiteSeq,3,9,210624,618,/shared/ngs/illumina/tstarr/220428_VH00699_111_AAATNWKM5/Unaligned/Project_tstarr/220420_s18-b3_S63_R1_001.fastq.gz
lib2,TuGG_TiteSeq_09_bin4,TuGG_TiteSeq,4,9,210624,731,/shared/ngs/illumina/tstarr/220428_VH00699_111_AAATNWKM5/Unaligned/Project_tstarr/220420_s18-b4_S64_R1_001.fastq.gz