site_scFv,amino_acid,chain,site,KI_codon
1,E,H,1,GAG
2,V,H,2,GTG
3,Q,H,3,CAG
4,L,H,4,CTT
5,Q,H,5,CAG
6,E,H,6,GAG
7,S,H,7,TCA
8,G,H,8,GGA
9,P,H,9,CCT
10,S,H,11,AGC
11,L,H,12,CTC
12,V,H,13,GTG
13,K,H,14,AAA
14,P,H,15,CCT
15,S,H,16,TCT
16,Q,H,17,CAG
17,T,H,18,ACT
18,L,H,19,CTG
19,S,H,20,TCC
20,L,H,21,CTC
21,T,H,22,ACC
22,C,H,23,TGT
23,S,H,24,TCT
24,V,H,25,GTC
25,T,H,26,ACT
26,G,H,27,GGC
27,D,H,28,GAC
28,S,H,29,TCC
29,I,H,30,ATC
30,T,H,35,ACC
31,S,H,36,AGT
32,G,H,37,GGT
33,Y,H,38,TAC
34,W,H,39,TGG
35,N,H,40,AAC
36,W,H,41,TGG
37,I,H,42,ATC
38,R,H,43,CGG
39,K,H,44,AAA
40,F,H,45,TTC
41,P,H,46,CCA
42,G,H,47,GGG
43,N,H,48,AAT
44,K,H,49,AAA
45,L,H,50,CTT
46,E,H,51,GAG
47,Y,H,52,TAC
48,M,H,53,ATG
49,G,H,54,GGG
50,Y,H,55,TAC
51,I,H,56,ATA
52,S,H,57,AGC
53,Y,H,58,TAC
54,S,H,59,AGT
55,G,H,63,GGT
56,S,H,64,AGC
57,T,H,65,ACT
58,Y,H,66,TAC
59,Y,H,67,TAC
60,N,H,68,AAT
61,P,H,69,CCA
62,S,H,70,TCT
63,L,H,71,CTC
64,K,H,72,AAA
65,S,H,74,AGT
66,R,H,75,CGA
67,I,H,76,ATC
68,S,H,77,TCC
69,I,H,78,ATC
70,T,H,79,ACT
71,R,H,80,CGA
72,D,H,81,GAC
73,T,H,82,ACA
74,S,H,83,TCC
75,K,H,84,AAG
76,N,H,85,AAC
77,Q,H,86,CAG
78,Y,H,87,TAC
79,Y,H,88,TAC
80,L,H,89,CTG
81,Q,H,90,CAG
82,L,H,91,TTG
83,N,H,92,AAT
84,S,H,93,TCT
85,V,H,94,GTG
86,T,H,95,ACT
87,T,H,96,ACT
88,E,H,97,GAG
89,D,H,98,GAC
90,T,H,99,ACA
91,A,H,100,GCC
92,T,H,101,ACA
93,Y,H,102,TAT
94,Y,H,103,TAC
95,C,H,104,TGT
96,A,H,105,GCA
97,R,H,106,AGG
98,D,H,107,GAC
99,F,H,108,TTC
100,D,H,109,GAT
101,V,H,110,GTC
102,W,H,111,TGG
103,G,H,112,GGC
104,A,H,113,GCA
105,G,H,114,GGG
106,T,H,115,ACC
107,T,H,116,ACG
108,V,H,117,GTC
109,T,H,118,ACC
110,V,H,119,GTC
111,S,H,120,TCC
112,S,H,121,TCA
113,G,link,NA,NA
114,G,link,NA,NA
115,G,link,NA,NA
116,G,link,NA,NA
117,S,link,NA,NA
118,G,link,NA,NA
119,G,link,NA,NA
120,G,link,NA,NA
121,G,link,NA,NA
122,S,link,NA,NA
123,G,link,NA,NA
124,G,link,NA,NA
125,G,link,NA,NA
126,G,link,NA,NA
127,S,link,NA,NA
128,D,L,1,GAC
129,I,L,2,ATT
130,V,L,3,GTG
131,M,L,4,ATG
132,T,L,5,ACT
133,Q,L,6,CAG
134,S,L,7,TCT
135,Q,L,8,CAA
136,K,L,9,AAA
137,F,L,10,TTC
138,M,L,11,ATG
139,S,L,12,TCC
140,T,L,13,ACA
141,S,L,14,TCA
142,V,L,15,GTA
143,G,L,16,GGA
144,D,L,17,GAC
145,R,L,18,AGG
146,V,L,19,GTC
147,S,L,20,AGC
148,V,L,21,GTC
149,T,L,22,ACC
150,C,L,23,TGC
151,K,L,24,AAG
152,A,L,25,GCC
153,S,L,26,AGT
154,Q,L,27,CAG
155,N,L,28,AAT
156,V,L,29,GTG
157,G,L,36,GGT
158,T,L,37,ACT
159,N,L,38,AAT
160,V,L,39,GTA
161,A,L,40,GCC
162,W,L,41,TGG
163,Y,L,42,TAT
164,Q,L,43,CAA
165,Q,L,44,CAG
166,K,L,45,AAA
167,P,L,46,CCA
168,G,L,47,GGG
169,Q,L,48,CAA
170,S,L,49,TCT
171,P,L,50,CCT
172,K,L,51,AAA
173,A,L,52,GCA
174,L,L,53,CTG
175,I,L,54,ATT
176,Y,L,55,TAC
177,S,L,56,TCG
178,A,L,57,GCA
179,S,L,65,TCC
180,Y,L,66,TAC
181,R,L,67,AGG
182,Y,L,68,TAC
183,S,L,69,AGT
184,G,L,70,GGA
185,V,L,71,GTC
186,P,L,72,CCT
187,D,L,74,GAT
188,R,L,75,CGC
189,F,L,76,TTC
190,T,L,77,ACA
191,G,L,78,GGC
192,S,L,79,AGT
193,G,L,80,GGA
194,S,L,83,TCT
195,G,L,84,GGG
196,T,L,85,ACA
197,D,L,86,GAT
198,F,L,87,TTC
199,T,L,88,ACT
200,L,L,89,CTC
201,T,L,90,ACC
202,I,L,91,ATC
203,S,L,92,AGC
204,N,L,93,AAT
205,V,L,94,GTG
206,Q,L,95,CAG
207,S,L,96,TCT
208,E,L,97,GAA
209,D,L,98,GAC
210,L,L,99,TTG
211,A,L,100,GCA
212,E,L,101,GAG
213,Y,L,102,TAT
214,F,L,103,TTC
215,C,L,104,TGT
216,Q,L,105,CAG
217,Q,L,106,CAA
218,Y,L,107,TAT
219,N,L,108,AAC
220,S,L,109,AGC
221,Y,L,110,TAT
222,P,L,111,CCT
223,L,L,112,CTC
224,T,L,113,ACG
225,F,L,114,TTC
226,G,L,115,GGC
227,S,L,116,TCG
228,G,L,117,GGG
229,T,L,118,ACT
230,K,L,119,AAG
231,L,L,120,CTA
232,E,L,121,GAA
233,I,L,122,ATA
234,K,L,123,AAA
235,R,L,124,CGT