,site_scFv,amino_acid,chain,site,KI_codon,region
0,1,E,H,1,GAG,FR1
1,2,V,H,2,GTG,FR1
2,3,Q,H,3,CAG,FR1
3,4,L,H,4,CTT,FR1
4,5,Q,H,5,CAG,FR1
5,6,E,H,6,GAG,FR1
6,7,S,H,7,TCA,FR1
7,8,G,H,8,GGA,FR1
8,9,P,H,9,CCT,FR1
9,10,S,H,11,AGC,FR1
10,11,L,H,12,CTC,FR1
11,12,V,H,13,GTG,FR1
12,13,K,H,14,AAA,FR1
13,14,P,H,15,CCT,FR1
14,15,S,H,16,TCT,FR1
15,16,Q,H,17,CAG,FR1
16,17,T,H,18,ACT,FR1
17,18,L,H,19,CTG,FR1
18,19,S,H,20,TCC,FR1
19,20,L,H,21,CTC,FR1
20,21,T,H,22,ACC,FR1
21,22,C,H,23,TGT,FR1
22,23,S,H,24,TCT,FR1
23,24,V,H,25,GTC,FR1
24,25,T,H,26,ACT,FR1
25,26,G,H,27,GGC,CDR1
26,27,D,H,28,GAC,CDR1
27,28,S,H,29,TCC,CDR1
28,29,I,H,30,ATC,CDR1
29,30,T,H,35,ACC,CDR1
30,31,S,H,36,AGT,CDR1
31,32,G,H,37,GGT,CDR1
32,33,Y,H,38,TAC,CDR1
33,34,W,H,39,TGG,FR2
34,35,N,H,40,AAC,FR2
35,36,W,H,41,TGG,FR2
36,37,I,H,42,ATC,FR2
37,38,R,H,43,CGG,FR2
38,39,K,H,44,AAA,FR2
39,40,F,H,45,TTC,FR2
40,41,P,H,46,CCA,FR2
41,42,G,H,47,GGG,FR2
42,43,N,H,48,AAT,FR2
43,44,K,H,49,AAA,FR2
44,45,L,H,50,CTT,FR2
45,46,E,H,51,GAG,FR2
46,47,Y,H,52,TAC,FR2
47,48,M,H,53,ATG,FR2
48,49,G,H,54,GGG,FR2
49,50,Y,H,55,TAC,FR2
50,51,I,H,56,ATA,CDR2
51,52,S,H,57,AGC,CDR2
52,53,Y,H,58,TAC,CDR2
53,54,S,H,59,AGT,CDR2
54,55,G,H,63,GGT,CDR2
55,56,S,H,64,AGC,CDR2
56,57,T,H,65,ACT,CDR2
57,58,Y,H,66,TAC,FR3
58,59,Y,H,67,TAC,FR3
59,60,N,H,68,AAT,FR3
60,61,P,H,69,CCA,FR3
61,62,S,H,70,TCT,FR3
62,63,L,H,71,CTC,FR3
63,64,K,H,72,AAA,FR3
64,65,S,H,74,AGT,FR3
65,66,R,H,75,CGA,FR3
66,67,I,H,76,ATC,FR3
67,68,S,H,77,TCC,FR3
68,69,I,H,78,ATC,FR3
69,70,T,H,79,ACT,FR3
70,71,R,H,80,CGA,FR3
71,72,D,H,81,GAC,FR3
72,73,T,H,82,ACA,FR3
73,74,S,H,83,TCC,FR3
74,75,K,H,84,AAG,FR3
75,76,N,H,85,AAC,FR3
76,77,Q,H,86,CAG,FR3
77,78,Y,H,87,TAC,FR3
78,79,Y,H,88,TAC,FR3
79,80,L,H,89,CTG,FR3
80,81,Q,H,90,CAG,FR3
81,82,L,H,91,TTG,FR3
82,83,N,H,92,AAT,FR3
83,84,S,H,93,TCT,FR3
84,85,V,H,94,GTG,FR3
85,86,T,H,95,ACT,FR3
86,87,T,H,96,ACT,FR3
87,88,E,H,97,GAG,FR3
88,89,D,H,98,GAC,FR3
89,90,T,H,99,ACA,FR3
90,91,A,H,100,GCC,FR3
91,92,T,H,101,ACA,FR3
92,93,Y,H,102,TAT,FR3
93,94,Y,H,103,TAC,FR3
94,95,C,H,104,TGT,FR3
95,96,A,H,105,GCA,CDR3
96,97,R,H,106,AGG,CDR3
97,98,D,H,107,GAC,CDR3
98,99,F,H,108,TTC,CDR3
99,100,D,H,109,GAT,CDR3
100,101,V,H,110,GTC,CDR3
101,102,W,H,111,TGG,
102,103,G,H,112,GGC,
103,104,A,H,113,GCA,
104,105,G,H,114,GGG,
105,106,T,H,115,ACC,
106,107,T,H,116,ACG,
107,108,V,H,117,GTC,
108,109,T,H,118,ACC,
109,110,V,H,119,GTC,
110,111,S,H,120,TCC,
111,112,S,H,121,TCA,
112,113,G,link,,,
113,114,G,link,,,
114,115,G,link,,,
115,116,G,link,,,
116,117,S,link,,,
117,118,G,link,,,
118,119,G,link,,,
119,120,G,link,,,
120,121,G,link,,,
121,122,S,link,,,
122,123,G,link,,,
123,124,G,link,,,
124,125,G,link,,,
125,126,G,link,,,
126,127,S,link,,,
127,128,D,L,1,GAC,FR1
128,129,I,L,2,ATT,FR1
129,130,V,L,3,GTG,FR1
130,131,M,L,4,ATG,FR1
131,132,T,L,5,ACT,FR1
132,133,Q,L,6,CAG,FR1
133,134,S,L,7,TCT,FR1
134,135,Q,L,8,CAA,FR1
135,136,K,L,9,AAA,FR1
136,137,F,L,10,TTC,FR1
137,138,M,L,11,ATG,FR1
138,139,S,L,12,TCC,FR1
139,140,T,L,13,ACA,FR1
140,141,S,L,14,TCA,FR1
141,142,V,L,15,GTA,FR1
142,143,G,L,16,GGA,FR1
143,144,D,L,17,GAC,FR1
144,145,R,L,18,AGG,FR1
145,146,V,L,19,GTC,FR1
146,147,S,L,20,AGC,FR1
147,148,V,L,21,GTC,FR1
148,149,T,L,22,ACC,FR1
149,150,C,L,23,TGC,FR1
150,151,K,L,24,AAG,FR1
151,152,A,L,25,GCC,FR1
152,153,S,L,26,AGT,FR1
153,154,Q,L,27,CAG,CDR1
154,155,N,L,28,AAT,CDR1
155,156,V,L,29,GTG,CDR1
156,157,G,L,36,GGT,CDR1
157,158,T,L,37,ACT,CDR1
158,159,N,L,38,AAT,CDR1
159,160,V,L,39,GTA,FR2
160,161,A,L,40,GCC,FR2
161,162,W,L,41,TGG,FR2
162,163,Y,L,42,TAT,FR2
163,164,Q,L,43,CAA,FR2
164,165,Q,L,44,CAG,FR2
165,166,K,L,45,AAA,FR2
166,167,P,L,46,CCA,FR2
167,168,G,L,47,GGG,FR2
168,169,Q,L,48,CAA,FR2
169,170,S,L,49,TCT,FR2
170,171,P,L,50,CCT,FR2
171,172,K,L,51,AAA,FR2
172,173,A,L,52,GCA,FR2
173,174,L,L,53,CTG,FR2
174,175,I,L,54,ATT,FR2
175,176,Y,L,55,TAC,FR2
176,177,S,L,56,TCG,CDR2
177,178,A,L,57,GCA,CDR2
178,179,S,L,65,TCC,CDR2
179,180,Y,L,66,TAC,FR3
180,181,R,L,67,AGG,FR3
181,182,Y,L,68,TAC,FR3
182,183,S,L,69,AGT,FR3
183,184,G,L,70,GGA,FR3
184,185,V,L,71,GTC,FR3
185,186,P,L,72,CCT,FR3
186,187,D,L,74,GAT,FR3
187,188,R,L,75,CGC,FR3
188,189,F,L,76,TTC,FR3
189,190,T,L,77,ACA,FR3
190,191,G,L,78,GGC,FR3
191,192,S,L,79,AGT,FR3
192,193,G,L,80,GGA,FR3
193,194,S,L,83,TCT,FR3
194,195,G,L,84,GGG,FR3
195,196,T,L,85,ACA,FR3
196,197,D,L,86,GAT,FR3
197,198,F,L,87,TTC,FR3
198,199,T,L,88,ACT,FR3
199,200,L,L,89,CTC,FR3
200,201,T,L,90,ACC,FR3
201,202,I,L,91,ATC,FR3
202,203,S,L,92,AGC,FR3
203,204,N,L,93,AAT,FR3
204,205,V,L,94,GTG,FR3
205,206,Q,L,95,CAG,FR3
206,207,S,L,96,TCT,FR3
207,208,E,L,97,GAA,FR3
208,209,D,L,98,GAC,FR3
209,210,L,L,99,TTG,FR3
210,211,A,L,100,GCA,FR3
211,212,E,L,101,GAG,FR3
212,213,Y,L,102,TAT,FR3
213,214,F,L,103,TTC,FR3
214,215,C,L,104,TGT,FR3
215,216,Q,L,105,CAG,CDR3
216,217,Q,L,106,CAA,CDR3
217,218,Y,L,107,TAT,CDR3
218,219,N,L,108,AAC,CDR3
219,220,S,L,109,AGC,CDR3
220,221,Y,L,110,TAT,CDR3
221,222,P,L,111,CCT,CDR3
222,223,L,L,112,CTC,CDR3
223,224,T,L,113,ACG,CDR3
224,225,F,L,114,TTC,
225,226,G,L,115,GGC,
226,227,S,L,116,TCG,
227,228,G,L,117,GGG,
228,229,T,L,118,ACT,
229,230,K,L,119,AAG,
230,231,L,L,120,CTA,
231,232,E,L,121,GAA,
232,233,I,L,122,ATA,
233,234,K,L,123,AAA,
234,235,R,L,124,CGT,
